ID,STATE,KEYWORD TYPE,KEYWORD,TITLE,TEXT,DATE,Emotion
15,Kansas,IDENTIFIER-WEATHER-ATTITUDE,"weather, hot, comfortable",traveling mn tx stop along way,title say ill 23 day devote 17 hour drive fun plan take hwy 35 whole time thats mandatory here like x200b cute town one youd refer postcard town thing tacky world largest world haunted good food best pie beef jerky burger hot dog doughnut etc gas station best snack cleanest bathroom bonus point pet friendly car ill taking remote starter pup able left alone comfortably car short time isnt ideal obvious reason recommendation greatly appreciated,2023-01-19,joy
32,Kansas,IDENTIFIER-WEATHER-ATTITUDE,"weather, hot, love",free seed,im organizing seed vault season bounty id love share group anyone would like seed gardenvariety vegetable hot sweet pepper cucumber squash melon tomato send message address youre seeking ill handle rest,2023-01-26,joy
42,Kansas,IDENTIFIER-WEATHER-ATTITUDE,"weather, heat, love",whats recent gas bill house,bud texas told 2 year ago january 87 last january 172 january 680 used almost 20 less year ago,2023-03-01,surprise
44,Kansas,IDENTIFIER-WEATHER-ATTITUDE,"weather, hot, love",kansa time ditch gas switch heat pump,post many people talk expensive gas heating getting year replacing ac unit summer next year would highly suggest look getting model also function heat pumpa cold climate one installed rip furnace ran number currently live estimated heat pump going run half last year heating cost gas ran high efficiency furnace plan next 5 year remove gas appliance home save money subsidy available make even cheap heat pump cheaper installing ac furnace expensive cheap ac unit given efficient basic ac unit cooling save money summer know first response going heat pump dont work cold wrong older older unit loose performance colder temperature modern one issue running well negative someone mitsubishi running fine 25f windchill mr cool universal series plan probably install one downside installers say wont work air source heatpumps unparalleled heating 100 5f outside temp 78 heating capacity 22f outside temp enhanced cooling 100 115f outside temp 78 cooling capacity 130f outside temp mitsubishi selling heatpumps canada run 90 13f getting around 80 btu output 20f kansa cold going running efficiency 99 time dont plan keep kind backup heating dont think needed looking temperature record manhattan 4 temperature record 22f 18f 2021 freeze heat pump certainly would running less efficiently still working obviously arent colder part kansa something keep mind model cold climate heat also efficient ac unit mr cool unit double seer rating one currently use would saving summer well doe also funding domestic cold weather heatpumps trying push temperature time replacing thing year could even better benefit extend beyond saving money furnace gas appliance eliminate risk carbon monoxide home explosive gas leak say wont issue going deal making sure snow bury mean getting ground wont free see increase electric bill extremely poorly built home might raw btu keep large gas furnace output may want improve air sealing attic adding insulation ideally fiberglass upgrading window ect pretty good video heat pump technology connection heat pump hard here take start pumping edit someone also going argue electricity wont heating power guess neither furnace blowing hot air electricity even gas due electric ignition blower run electricity edit edit starting suspect people might told getting cold climate model hvac installer actually cheapened put one made climate pocketed money hvac installers assuming heat pump heat pump video people canada using norway us ton think likely people dont heating work 32f maybe hvac installer fucked didnt get correct model want get heat pump ask installer spec sheet temperature rated wouldnt put anything work least 80 performance 5f really think one like mr cool mitsubishi unit keep 20f would perform condition kansa wouldnt even need aux heating,2023-03-02,neutral
109,Kansas,IDENTIFIER-WEATHER-ATTITUDE,"weather, hot, love",kansa rest area understocked,love bought em well one oklahoma converting love next year one west el dorado hour ago stock fresh fruit hot dog bun lot refrigerated drink almost little debbie snacksand ive never encountered ever stock much anything obviously vendor holding back product love brings vendor hardees dunkin also gone,2023-04-17,joy
117,Kansas,IDENTIFIER-WEATHER-ATTITUDE,"weather, sunny, love",whats best biscuit gravy kansa,friend started trying biscuit gravy small diner around state far lyon sterling hutchinson arlington tried go nickerson sunshine cafe closed suggestion great small town cafe around state edit update recently tried bg doo dah diner wichita honestly 1010 would recommend im looking forward trying suggestion reporting back discover thank youre input please keep em coming edit2 bg sunnys buhler 310 must miss cold almost tasteless made love,2023-04-19,joy
121,Kansas,IDENTIFIER-WEATHER-ATTITUDE,"temperature, heat, love",kansa corn bread,here terrific bread combine sweetcorn taste iowa home state wheat kansa adopted state nontraditional cornbread there cornmeal recipe super easy put together added sugar personal note prefer traditional stuff x200b heartier traditional cornbread kansa cornbread ingredient x200b 5 cup flour 1 teaspoon onion powder 1 teaspoon garlic powder 1 teaspoon black pepper 14 teaspoon turmeric 14 teaspoon cardamom 12 teaspoon cayenne pepper optional pinch kosher salt 2 can creamed corn 2 egg 1 tablespoon yeast 1 tab butter melted direction small bowl lightly scramble 2 egg add 1 creamed corn stirring combine set aside heat second creamed corn microwavesafe bowl temperature hit 100 110 degree use low defrost setting dont want temp higher 110 degree kill yeast stir ensure even heat distribution recheck temp quick read thermometer add yeast warmed creamed corn set aside 510 minute allow bloom yeast react nicely sugar corn yeast blooming large mixing bowl add flour onion powder garlic powder black pepper turmeric cardamom optional cayenne pepper koser salt stir incorporate add creamed corn mixed egg stir incorporate add second creamed corn yeast stir soft dough form knead lightly floured surface enough ensure ingredient incorporated dough slightly moist throughout dont want overwork also stand mixer using dough hook speed 2 place large greased bowl turning coat cover let rise warm draftfree place hour doubled size preheat oven 350 degree pour melted butter top bake 9inch square cake pan 5055 minute edge golden brown delicious toothpick poked center come clean let rest wire rack least 1015 minute slicing x200b bread toast really nice pan little olive oil put grill pick hint smoke heartier loaf traditional cornbread soak sauce gravy much better toast really nice recipe option one jalapeno diced nice addition know use creamed corn thats sitting pantry month pend wisely friend mike bacheloronthecheapcom,2023-04-20,joy
137,Kansas,IDENTIFIER-WEATHER-ATTITUDE,"weather, summer, love",thing kansa alone,hi 26f moved northeast kansa summer boyfriend work im job right get settled looking suggestion thing get house he work super outdoorsy love hiking im keen going trailsparks ive never alone ive spending lot time driving around different town surrounding area check seems like mostly shopping fun girl shop much anybody suggestion cool spot check way kill time maybe womens club could join suggestion welcome,2023-06-02,joy
143,Kansas,IDENTIFIER-WEATHER-ATTITUDE,"weather, sunny, love",please send someone pick weather,angry drunk arent prepared tornado hail measured unit fruit sport ball please send someone take home love colorado,2023-06-23,anger
158,Kansas,IDENTIFIER-WEATHER-ATTITUDE,"weather, summer, love",riding school bus vinland kansa 60,moved baldwin kansa sometime 1965 rural area mile outside vinland culture shock right away wed always lived small town olathe gardner twice baldwin wasnt big fan school like living baldwin everything needed theater college kid going baker actual college dorm scattered around town summer played little league cardinal actually try day make team world took hit moved small 12 acre cut hillside still see red dirt taste rusty well water came school vinland junior high 6th grade junior high 6 7 8 school ancient added modern building grade 15 part still life believe old building gone dont believe school anymore turned life even better kid 13 kid class everyone friendly downside riding bus 2 hour day hour morning hour night mainly first morning last night ever ridden bus country road like riding rollercoaster rolling hill eastern kansa complete enough rut bump drop shake brain loose spent time trying read science fiction book dealing motion sickness end need read got past sick stomach two hour day life wound way treecovered narrow gravel country road often clipped overhanging branch make room passing car tractor combine way field somewhere wasnt slow trip bus driver often college student drove like wind bullseye got tossed bounce constantly entire trip since seat belt could careful end aisle backside often driver face large mirror looking back u grin face sometimes gravel dust would come alwaysopen window try choke u death vehicle passed break go bus stopped drop pick someone catch breath quickly nightly trip different everyone relaxed talkative girl often sang song hour henry 8th favorite u boy would groan started yet another round henry well nevermind get drift sister 18 month younger friend cheryl often led singing would try ignore except look catch peek best friend sitting someone crush 3 year never ever let felt still hurt bit sometimes weather often made trip even treacherous mud snow seldom missed day school usually took ice storm keep u home school boy fun usually towards end run bus emptied wed sit furthest back seat slide aisle wed stand surf bus wilding changing angle hill bump sometimes wed catch driver watching u usually didnt say anything friend tim chanay talked joining air force becoming fighter pilot one day dad flew crop duster vinland aerodrome could get exciting moving overhanging tree limb breakneck speed time part never really danger except one day one cold icy day broken limb tree apparently broke due ice three sitting top branch waited u pas buy pickup truck forced driver crash limb came front windshield penetrated bus least 10 foot back seating area came within foot little girl sitting ahead u luckily one seriously hurt bus half empty time thing remember happening senior high school one ever rode bus thought funny pull cord jacket apparently looped,2023-07-02,surprise
186,Kansas,IDENTIFIER-WEATHER-ATTITUDE,"weather, hot, happy",youre reading go drink two glass water,temperature insane right everyone going get dehydrated super easy kind heat stay safe stay cool stay hydrated,2023-08-22,neutral
196,Kansas,IDENTIFIER-WEATHER-ATTITUDE,"weather, sunny, enjoy",everything cheap wichita,im wichita business feel like went back time late 90 everything cheap compared california even restaurant cheap cant even get mediocre sandwich live less 15 see lot town great im confused massive difference cost v california lot house price nice car honestly feel like im time warp different country weather horrific right though would rather pay crazy amount house able enjoy outdoors every day im guessing thats big part,2023-08-25,sadness
250,Kansas,IDENTIFIER-WEATHER-ATTITUDE,"weather, sunny, enjoy",day 3 walking across kansa walking across america,sure frequently seemed like last post people interested seeing happening along journey yesterday seemed like great day highlight started day st francis rest day plenty thunder west checked radar thought would miss classic mistake pretty much ran whole way bird city rain point soon got nice stranger named alex saw came hand water bottle pretty much run walking speed fast lol thankful cloud getting little ominous left bird city weather wasnt saying rain kept walking felt raindrop thunder started wasnt really anywhere take shelter ended sprinting dairy farm able shelter rain lightning hail office cleared set thought rain would day wrong took farm road traffic heading mcdonald k checked weather said 30 min thunderstorm started hauled as corn field get mcdonald took shelter grocery store rain done decided pitch tent rest stop 36 maybe wild thing day happened called grandparent st joseph talk completely random matter mention pop pop mcdonald casually mention grandmother family actually helped start town back late 1800s dont think family still town never heard yesterday actually help started family complete coincidence called grandparent exact day learn wild hope enjoyed reading probably make atwood today anyone know anyone could help give holler otherwise best place follow journey great state ig walk2washington,2023-10-04,fear
258,Kansas,IDENTIFIER-WEATHER-ATTITUDE,"weather, sunny, enjoy",day 46 walking across kansa walking across america,howdy yall ive made mcdonald k prairie dog state park outside norton k definitely covering good distance probably best since weather beginning change morning first around freezing since march boy moving shaking head east south thought id share highlight thought last couple day specific order campground one biggest surprise abundance free public campground along 36 long make town reliable spot sleep case every night far public land much readily available western state traversed tad worried kansa campground blessing im currently prairie dog state park fun fact park prairie dog didnt actually live 1980s even though park started 1967 truck getting walk lot big truck 18 wheeler along journey maybe surprisingly 18 wheeler driver probably courteous kansa especially either slow get complete lane really appreciated think ive probably seen driver multiple time reading thank much corn think lot driver hauling corn seeing everywhere expected see plenty midwest still much one big thing interested learning west water western k imagine lot corn fed ogallala aquifer id also imagine finite water supply isare good journalism resource learn aquifer issue surrounding oberlin really enjoyed aesthetic oberlin brick road covered walkway historic building didnt spend much time cool place check walk around sure county museum atwood able go rawlins county museum every time go town museum always find something interesting example rawlins county home guy popularized smokey bear apparently smokey bear longest running psa american history additionally real life smokey bear rescued fire new mexico brought national zoo dc great time talking lynette oversaw museum dont sleep little inconspicuous museum always learn something burr sticker thorn wish known coming k done number tire able get slime oberlin looking forward day arent problem anyone know stop issue east tanner dad lastly 30 mile day oberlin man pull car little bit front go trunk get something approach car man carrying two water bottle offer get chatting tell tanner dad sweet guy first day k believe lacys absolutely sweetest family around need drywall work done nw k one id recommend highly probably run long hope yall enjoyed definitely better anything say place ive really enjoyed time k far met many friendly people already looking forward much always best place follow journey great state ig walk2washington,2023-10-07,fear
265,Kansas,IDENTIFIER-WEATHER-ATTITUDE,"weather, sunny, love",day 710 walking across kansa walking across america,howdy yall last post leaving prairie dog state park outside norton k smith center k near geographic center united state feeling bit weather recently sure taking nyquil dayquil feeling bit better decided take rest day today smith center got motel last tonight tonight usually dont use hotel unless make sense got 2 night 19 total definitely make sense still meeting lot friendly folk kansa thought id share takeaway past couple day particular order significance ive really enjoyed library kansa earlier walk using library lot frequently charge battery pack use computer however lot library small town west reliable best hour typing library smith center thankful library gotten use kansa plenty friendly helpful librarian cant stress awesome important library many others dont forget use support local branch barn quilt thank reached helped explain barn quilt seeing number unsure really enjoying seeing livening town space everywhere go funny enough dont think seen one barn yet town along 36 pretty similar dont mean deriding way every town charm character feel though guess town getting town makeup town pretty similar town county seat along part 36 run town probably caseys subway pizza hut dollar general couple gas station mechanic maybe tractor supply company something similar main street run northsouth little way 36 little lively others plenty church local grocer county museum mexican restaurant county courthouse library city park typical town component frustration city design 36 turn two lane highway shoulder 4 lane road without shoulder sidewalk enter town im usually able get onto connecting side street dealing hefty traffic pickup truck dangerous 18 wheeler also please put phone driving lot people warning harvest need watch 18 wheeler seeing 18 wheeler since getting kansa try remind people pickup truck much scarier pickup truck 18 wheeler happens hit something think constantly going flattened difference never see 18 wheeler phone fact 18 wheeler often get entire lane slow possible give wave whereas tell someone phone based way driving much sooner see phone yesterday multiple close call people phone understand nice responsible driver operate pickup truck overwhelming majority close call involve oversized pickup truck people need understand driving 65 mile hour huge hunk metal operating potential weapon sad reality anyone elses finger wagging going stop people using phone driving long cell phone play huge role people life always crash stemming distracted driving auto manufacturer wanted engineer way would make impossible operate car unless relinquished use phone duration drive certainly could lifespan car cell phone issue people still got needed still listened music profit making reality dont make dollar dont make sense something incredibly passionate life line everyday life isnt line us36 also line city around 83 american live also quarter american cant drive whether young old disabled whatever reason additionally also people outside car distracted driver injure kill driver issue like distracted driving,2023-10-10,joy
279,Kansas,IDENTIFIER-WEATHER-ATTITUDE,"weather, sunny, love",day 1113 walking across kansa walking across america,howdy yall currently writing wonderful town washington k able make 3 day smith center took rest day get little illness felt much better taking day recover day left smith center didnt get great start locked hotel room order go stretch innkeeper buckshot inn nebraska getting chemo wasnt way get back told try pick lock much easier said done caseys gift card eventually guy called came come replace lock ever smith center please go visit buckshot inn people really nice gave 2 night 19 im sure would appreciate business delay headed mankato along way got pas geographic center u pretty neat kansa really center country least lower 48 eventually made mankato im sure familiar mankato youtube channel yes theory threw party boring town america kind funny didnt know yes theory got mankato nice town though thursday goal get belleville easier said done headwind passed scandia cloud started look ominous looking way get 36 storm rolled soon got started raining quickly made way barn took shelter farmer john dog mav nice time talking farmer john harvest much farm equipment cost rain set mav really wanted come walking across kansa farmer john come get couple time also warned mud thought could push couldnt trudge way back 36 got back made way belleville finally yesterday goal get washington place really looking forward goal walk get washington state washington dc fun stop washington middle hefty tail wind able 33 mile 5 hour ancient midwestern proverb wouldnt coldbad without wind full effect today even heard people say belleville instead pitching tent campground decided pitch tent warm spacious shower room campground bad sound unfortunately forgot lock door last night around 1130 last night guy come take shower scared bejezzes water heater broke nice guy terrible definitely locked door plan today get marysville looking like ill probably able finish kansa october 18th sorry people wanted come manhattan lawrence topeka got ta make st joe see grandparent cant delay weather getting colder people said could walk across 36 st joseph reached police department said could would even help cross thatll save time im still enjoying time kansa meeting lot great people always best place follow journey ig walk2washington website name additional thought 1 lot tree definitely noticed decent amount tree ive gotten farther east appreciated im enjoying seeing tinge yellow 2 town play music idk kansa thing didnt happen state ive walked lot town play music loud downtown bad kinda eerie downtown empty 3 windmill didnt see wind farm got belleville windy state really expected especially since land still used farming ranching 4 breakfast,2023-10-14,surprise
309,Kansas,IDENTIFIER-WEATHER-ATTITUDE,"weather, sunny, enjoy",thank kansa walking across america,x200b howdy yall finished walking across kansa wednesday crossing st joseph missouri river little post last couple day kansa wanted little wrap upthank post entire experience something always tell people america people land really believe kansa embodiment promise state much farmland first step kansa met incredible friendly people tanner brought lunch welcomed home built received kindness last full day kansa graciously hosted lunch kristin vineet hosted evening jennifer jason met many friendly wonderful people supportive encouraging journey prior getting state really didnt know expect except thinking would us36 majority walk however walk became pretty predictable would get around 730 spent night campgroundcity park always start day food little stretching brushing teeth would way farm country waved semitruck driver people got day would probably bit windy sunny trudged along 30ish mile day would get county seat sometime afternoon brick lined road music playing speaker downtown would stop local grocer thing head mexican restaurant food nice meal would head city campground stretching pitch tent picnic shelter rest traffic 36 slowly died course night would get next day little variation consistency unlike state fortunate public campground town doesnt one highly recommend reaching local official get one appreciative along appreciating campground really enjoyed getting learn kansa whether orphan train kansa experiment ogallala aquifer smokey bear smokey bear much tractor cost affinity eat beef license plate davis memorial gas station pizza much really much learn everywhere go even small town know didnt even visit bigger city kansa hopefully back see one day thankful people followed adventure state andor reached got great intel insight many initially hesitant post think anyone would care seem case much appreciative followed along encouraging enough continue post subreddit whatever state im foreseeable future interested following rest journey consider checking rmissouri website walk2washingtoncom post appear blog place active ig walk2washington stuff go fb believe washington2washington lastly call action anybody reading please go walk go walk around neighborhood go walk get grocery errand usually go walk work walk school park farther normally would destination make difference walking ambitious get dropped somewhere walk back walk next town hell walk across kansa dont know circumstance know kind walking work best great physical mental wellbeing also give new perspective world around go walk kansa state much cornfield wind fortunate walked sunflower state wish luck missouri ad astra per aspera bye kansa hi kansa,2023-10-20,fear
311,Kansas,IDENTIFIER-WEATHER-ATTITUDE,"weather, warm, love",iso help sweet little dog abandoned yard,wife returned vacation find someone abandoned dog backyard note name demi im 11 year old demi cold scared hour building trust got inside fed warm borrowing puppy kennel morning took groomers way overgrown nail done got nice bath shes looking good used volunteer humane society ive already reached local organization said taking shot finding new home anyone interested giving sweet little girl new home please reach tell calmsleepy still little spunk tried jump clear jeep lol get along fine dog love hanging kennel cant watch actively con see could probably stand lose pound especially treat ive given wichita area willing drive wherever state,2023-10-28,sadness
321,Kansas,IDENTIFIER-WEATHER-ATTITUDE,"weather, summer, love",fall country road,look towards solomon river rural ottawa county,2023-11-14,neutral
325,Kansas,IDENTIFIER-WEATHER-ATTITUDE,"weather, hot, love",whats kansa climate like,hi folk im ever curious wondering could tell climate weather season kansa look temperature index without living hard get good sense thing im mainly interested central kansa isolated area region interest stark difference region month known weather weather feel like hothumidfreezing air feel heavy smell something particular tell anything weather come whats season make let sigh relief one brings tension ive never lived wouldnt even know unique aspect ask story would appreciated exciting thing like tornado thank much helping along research,2023-12-11,sadness
341,Kansas,IDENTIFIER-WEATHER-ATTITUDE,"weather, hot, hate",showcasing hutchinson bookstore,welcome crow co hutchinson kansa east corner sherman main st friendly lgbt owned small business staff joyful friendly drink hot cold like snack homemade book wonderfully wide variety subject jewelry like nothing youll find anywhere else sit fireplace chat friend hot tea hand sit read newly bought book wont find another book store like check find safe inclusive place shop place hate happy yule friend video author,2023-12-16,joy
352,Kansas,IDENTIFIER-WEATHER-ATTITUDE,"weather, sunny, love",looking evergy user lost power july january,hello everyone hope allowed im journalist kansa news service kcur public radio im looking people interview story losing power severe weather july january know lost power day july massive wind storm knocked tree anyone lost power also lose power january anyone willing share experience radio news story would love hear message send email dlysenkcurorgmailtodlysenkcurorg thanks x200b,2024-01-22,surprise
407,Kansas,IDENTIFIER-WEATHER-ATTITUDE,"weather, hot, hate",1000 mile kansa,id probably 5 day east west yes alot short time period probably longer spend kansa roadtrip traveling solo 70lb dog hate heat interested nature place photography potential check couple cool citiestownsfoods leaving kc ill probably ask kc sub dont plan spending much time big city anyways couple question 1 dont want super hot still green enough good photo specifically visit 2 looking food reccomendations pretty much anywhere im picky like trying new thing would takeout unless dog friendly 3 general advicecommentsinsults must see im missing close route thank current list stop time kill citiestowns lawrence may spend whole day heard good thing topeka got ta see state capitol junction city manhattan witchita river park look sweet great bend car sleeping walmart parking lot goodland world largest easel idk nature flint hill scenic byway konza valleyprarie tallgrass prarie quivira wildlife refuge cheyenne bottom refuge turtle creek state park mount mitchel heritage state park lake scott state park teter rock monument rock castle rock badlands little jerusalem badlands dumb tourist stuff center kansa center u lower 48 mount sunflower,2024-02-06,sadness
411,Kansas,IDENTIFIER-WEATHER-ATTITUDE,"weather, summer, enjoy",first time resident expect,hi everyone im moving emporium beginning march begin career usda ive visited western portion kansa great time whats like folk live around eastern part state know get pretty humid compared rest state summer winter people cool food good folk enjoy top head id appreciate helpful input thanks,2024-02-18,joy
431,Kansas,IDENTIFIER-WEATHER-ATTITUDE,"weather, summer, love",explore whats worth trip,fully equipped campervan wholeee summer im living right middle kansa im still trying stay within absolute max 12 hour away case get recalled place mind im new midwest dont know whats good im single love thing fun adventurous,2024-05-14,joy
433,Kansas,IDENTIFIER-WEATHER-ATTITUDE,"weather, hot, love",oh gosh seem make silly allergy go away,tried almost every single type allergy medication swear starting look homeopathic remedy bee pollen hot shower idk even start try medication instead altogether want reliefff please rant position would love feel alone,2024-06-04,sadness
469,Kansas,IDENTIFIER-WEATHER-ATTITUDE,"weather, heat, enjoy",elk city state park,enjoyed little adventure independence would stayed longer heat couldnt sleep hiking wood tent camping kayaking great,2024-06-22,joy
471,Kansas,IDENTIFIER-WEATHER-ATTITUDE,"weather, summer, love",seven day broadway bethel college 91 92,long shot im looking connect anyone attended seven day broadway bethel college summer 1991 1992 lil abner 91 princess pea 92 fun summer social medium stay touch would love reconnect,2024-06-23,joy
481,Kansas,IDENTIFIER-WEATHER-ATTITUDE,"weather, summer, love",moving abilene chapman advice,hi guy ive lurking month currently live remote area northern az wonderful wfh job whilst husband plumber grandparent live abilene he spent life visiting summer adores furthest east ever new mexico plan drive 13 hour next weekend tour house abilene chapman would love live somewhere deeper sense community maybe make friend im 24 raised phx moving bfe arizona working home dont get ton sometimes miss phx heat love snowy winter currently live im worried climate could give experience area would appreciate,2024-06-29,fear
487,Kansas,IDENTIFIER-WEATHER-ATTITUDE,"weather, summer, love",anyone near minneapolissalina would willing take cat,never would thought id type person posting heart hurt little guy kinda long post please bear im summer visit family stray cat back yard theyve feeding month sil posted facebook wondering anyone area lost cat cause he really loveable friendly got reply farmer saying cat escape theyre vehicle passing town said need wanted keep cat even weve feeding loving giving shelter outside enough name crusty idea age guess he somewhere 48 still ball lol he vocal baby really genuinely want love he get really well indooroutdoor cat dog even though dog hate still try getting love worry he clearly got medical issue going like constant sneezing weird cat cough crusties hence name around eye father way able take another animal financial situation he especially sick one sil pregnant arent able take another cat aswell 1yr old kitten crusty sweet boy suck cat sweet lovable isnt able get could id take immediately live back home texas parent going college interested would like know please contact would love baby get forever home full love,2024-07-13,sadness
491,Kansas,IDENTIFIER-WEATHER-ATTITUDE,"weather, hot, enjoy",hutch pretty quiet even hot night,time load took little night ride folding bicycle rode tank wash m6 truck parked proceeded sunflower trail front rear light party led lighting nice trail fun thought thered people taking advantage slightly cooler night temp ala like clovis currently live quiet 9pm guess indoor ac hard beat enjoy nice shake braums though,2024-07-20,joy
493,Kansas,IDENTIFIER-WEATHER-ATTITUDE,"weather, summer, love",tipsadvice moving k specifically olathe overland park area,hello nebraska born raised however always loved state kansa since little girl always said wanted end moving family overland park 20 year family olathe partner originally kansa make sense u finally move anyway advice tip look goodbad thing watch foravoid good place live goodbad apartment etc advice welcome needed thank side note love concert comedy show chief royal know plenty compared ne edit add hope move springsummer 2025 kid yet,2024-08-13,joy
499,Kansas,IDENTIFIER-WEATHER-ATTITUDE,"weather, clear sky, love",fine art,sky present totally new scene every minute weather like near saint john 15 minute birdhousefarm,2024-09-22,surprise
504,Kansas,IDENTIFIER-WEATHER-ATTITUDE,"weather, warm, love",topeka nighttime airshow,wish photo working army blackhawks answering question people there show topeka weekend 50 gate lost mind heard saw thunderbird night show wouldnt felt bad paying 50 show said intercom trying make regular event forbes field want become premier nighttime airshow insane flying close formation night nothing position light reference aircraft show spectacular dont whole lot information dad said fundraiser combat air museum thunderbird top list used blue angel anything like today show start 3 end 8830 weather great today cloud sight bit warm better cold rumored someone donated 500000 gallon jet fuel blew tonight 14 mile blast could see top hangar amazing firework show would rival typical independence day show addition daytime nighttime show dont want oversell im saying exciting got free army might bit dont believe nighttime show sunday im certain,2024-10-12,surprise
512,Kansas,IDENTIFIER-WEATHER-ATTITUDE,"weather, warm, love",urgent cat kitten rehoming needed,located wichita bit ago saved cat starving death fruitlessly trying failing manage find shelter foster rehoming placement enough ive made two prior post local sub made many attempt post facebook lot constant rejection spam filtering etc due account age ive called every single place find state help either point either rehoming nothing im time option need go somewhere asap drive anywhere state even way neighboring state ive still found taker hope ok found similar post theyre still remaining cat princess adult female mother 2 female kitten lucy bandit 1 male hobbes litterbox trained treated flea recently frontline theyre feral hostile skittish need patience princess completely tame love people remaining kitten still need time warming people lucy foreground bandit background hobbes princess,2024-10-22,joy
514,Kansas,IDENTIFIER-WEATHER-ATTITUDE,"weather, sunny, love",new trail mt mitchell south wamego open,new trail top mt mitchell south wamego recently built new main entrance crushed limestone trail go go lovely bluestem 34 foot high mt mitchell prairie park owned managed audubon kansa excellent job new entrance large parking lot kiosk portapotty main entrance intersection k18 k99,2024-10-27,surprise
518,Kansas,IDENTIFIER-WEATHER-ATTITUDE,"weather, summer, love",time future,time try men soul summer soldier sunshine patriot crisis shrink service country stand deserves love thanks man woman tyranny like hell easily conquered yet consolation u harder conflict glorious triumph obtain cheap esteem lightly dearness give every thing value tuesday powerful loss u read agenda 47 republican platform course mandate leadership know whats coming know going try yes formidable scary worried family worried future hold im worried future look like country tired exhausted tired fighting right exist tired fighting right feel safe tired marginalized people country scapegoat tired right supposedly endowed creator life liberty pursuit happiness applying white straight lined paper side red lined margin tired fight stand spirit may battered far broken muscle may ache still strong voice may hoarse still powerful shed tear cried lament spent time crumpled prayer quiet anguish time stand time dust reestablish chain forged anger sadness blessed sisterhood future set stone salt water ruin cement effective come sweat come tear two year identify candidate campaign prepare remove teeth bumble must look far away four year midterm 2026 must start strategize prepare paint house senate dc state blue gave much energy health serve country order let end like neither prepared give hope ready give fight future country lay ahead u legacy born moment like let u fightlet u fight like life life sibling linelike freedom fight stake truth hyperbole aside truly opportunity tuesday lost opportunity today begun,2024-11-07,sadness
526,Kentucky,IDENTIFIER-WEATHER-ATTITUDE,"weather, warm, love",warm weather january midmonth,warmer normal weather look continue middle month snow chance may possible time however thursday night early friday may yield rain snow shower part eastern northeastern kentucky another system push weekend mostly rain expected wintry mix snow cant completely ruled especially true northern northeastern kentucky,2023-01-04,sadness
534,Kentucky,IDENTIFIER-WEATHER-ATTITUDE,"weather, heat, love",love letter appalachia,forgive typo im drunk emotianal appalachia celebrate laugh cry celebrate every child whose parent whoopedem tearin school clothes hill weed pickin berry catchin snake laugh cry celebrate everyone huddled around kerosene heater wood burning stove winter couldnt afford heat bill laugh cry celebrate every mother father son daughter friend cousin lost pain pill laugh cry celebrate every parent went mine turn around spend last dime company store laugh cry celebrate childhood spent running mountain playing make believe stick climbing tree knowing better may supper get home laugh cry celebrate every peer stayed mountain town raise family every one clawed way try make name still pine home laugh cry celebrate every pencil pusher never walked barefoot creek catch crawdad sit around fire mason jar shine sing laugh tell story hoot holler stare moon blanket star laugh cry else celebrate celebrate appalachia,2023-01-08,joy
536,Kentucky,IDENTIFIER-WEATHER-ATTITUDE,"weather, sunny, love",live,partner moving denver co soon finish grad school looking next home here little bit u ideally looking edit realize idealistic ready make compromise needed ill working therapist would love good opportunity job decent pay im finishing long grad program may partner recently started working paralegal pretty leftleaning politically would like least small community likeminded people wherever live big mutual aid dont need totally blue area also dont want get run town believing climate change somewhere art music culture cool stuff maybe little grungy looking somewhere green want garden somewhat decent would love access produce big deal grew az steadily running water want live somewhere isnt major concern ideally somewhere doesnt get cold snowy coming denver handle mean want avoid place rarely get 20 winter heavy snow stay winter long used temp 2050 winter snow 18in2 foot several time month friend story midwest changed perception cold actually mean also somewhere isnt wildly hot lived phoenix awhile hot denver get 100 sometimes fun manageable sunshine dont need anywhere sunny denver id love see sun least time month winter accessible hikingbikingcamping southwest excess free public land weve gotten used affordable hoping buy house 400k decent yard could get acreage price would incredible safetylow crime important u point well starting family next five year also decent school ideally wed like live smaller town 100k people could small 5k within 30 min bigger towncity could access necessity would love able walk basic still space clarification grew town 50k people way big enough live without city nearby partner grew town 1500 real basic bigger city 200k within 30 minute great dad life rural florida even town 20 minute closest business gas station another 15 closest town like 2000 people buy necessity drive hour walmart im interested level rural,2023-01-15,joy
542,Kentucky,IDENTIFIER-WEATHER-ATTITUDE,"weather, summer, love",dog friendly lakesriversbodies water,two 60ish pound dog love people love water going dog pool summer expensive im wanting take elsewhere swim time theyre older preferably somewhere much elevation anyone know anywhere would awesome,2023-01-30,joy
564,Kentucky,IDENTIFIER-WEATHER-ATTITUDE,"weather, summer, love",lexington recommendation,hello exciting news feature coming next week abc 36 lunch segment well presenting top list mustdo summer activity around lexington already preliminary list open suggestion would love showcase small local business air particularly interested recommendation beyond restaurant mustdo summer list could help identify blind spot might feedback would immensely appreciated looking suggestion beginning june 23 end summer thank advance input,2023-06-15,joy
566,Kentucky,IDENTIFIER-WEATHER-ATTITUDE,"weather, heat, love",strong severe storm dangerous heat,strong severe storm looking possible end workweek ahead ridge build southwest trough shift slightly northeast allow heat build area part western kentucky could hit 100 multiple day end week already excessive heat watch western ky ridge shortwaves look ride state northwest increase shower storm chance storm prediction center already highlighting part state lowend severe storm threat thursday think another threat friday maybe even saturday definitely something watch think type system damaging wind main threat heavy rain lightning also possible visit,2023-06-27,fear
574,Kentucky,IDENTIFIER-WEATHER-ATTITUDE,"weather, heat, love",severe storm heat,ridge continues build southwest trough recedes northeast heat begin overtake state high could hit 100 multiple day across western kentucky storm ride along edge ridge bringing severe threat region thursday look feature mc impacting region morning early afternoon another mc look dive across state early friday damaging wind likely main threat tornado hail ruled,2023-06-28,fear
582,Kentucky,IDENTIFIER-WEATHER-ATTITUDE,"weather, sunny, happy",severe storm possible next three day,happy thursday everyone eye severe storm threat next three day round shower storm look ride along edge building ridge morning complex strong severe storm pushing across part western kentucky damaging wind main threat thus far later evening another round storm look roll across state location round still question latest hire model showing cluster place newest hrrr run show impacting central eastern kentucky weakening push state definitely something watch region round strong severe storm look possible friday saturday focus round shift northeast round far today mcss timing location severity still question uncertainty high difficulty forecasting mesoscale convective system mcss riding along edge ridge,2023-06-29,fear
589,Kentucky,IDENTIFIER-WEATHER-ATTITUDE,"weather, sunny, happy",severe storm look likely today,happy sunday everyone strong severe storm possible today look get break tomorrow storm prediction center upgraded state enhanced risk 35 latest outlook shower storm moved across state early morning clearing taking place allow destabilization help storm form later afternoon evening damaging wind main threat make sure visit ekyrrgweathercom,2023-07-02,joy
597,Kentucky,IDENTIFIER-WEATHER-ATTITUDE,"weather, sunny, love",lexington,hey everyone wife debating moving lexington area early 2024 work healthcare currently live maryland visited louisville time bourbon trail day time guy give pro con living lexington coming lex october see enjoy city advice would great,2023-07-04,joy
612,Kentucky,IDENTIFIER-WEATHER-ATTITUDE,"weather, summer, happy",london kentucky laurel lake,requested walk public beach laurel lake,2023-08-11,neutral
614,Kentucky,IDENTIFIER-WEATHER-ATTITUDE,"weather, hot, love",tobacco patch,photo pendleton county tobacco patch like many good kentuckian raised pullin settin hoein toppin cuttin housin strippin bailin sellin ole sticky weed looking back thank god taught many life lesson first lesson family important wondering season youth remember everyone worked together harvest good crop could proud didnt best tractor nicest stripping room actually borrow tractor stripping room time appreciated hour spent walking behind mom grandma aunt setter next stripping room precious memory ill always cherish discussion always hot winter wood stove except uk basketball game would radio talking allowed commercial break secondly learned everyone must pull weight burden become heavy child played field adult toiled got older task assigned first simple like pick fallen leaf cut tie new bail string age sold u grew older job got harder smaller skinnier man could climb top barn faster housing hot handle half stick dirt wouldnt fall eye neck like middle man oh proud finally get spear knife placed row men though fifteen minute wanted back kid took whole group make work today honor look back apart last lesson hard work pay tobacco difficult task remember grandfather like state infinite wisdom 13 month year crop ive heard story time pullbehind setter remember meticulousness rolling back white canvas pulling weed tobacco bed pain kneeling eternity 2x10 suspended across cinder block difficult work know family christmas see thats would buy gift lady gentleman true definition love labor harvest give away dirt dust lesson respect honesty service reiterated traditionsheritage discussed reverence story people bloodline told family tie strengthened worked ground grandpa grandpa way back loved one another time death may separate u every time see picture like heart well love received working damned old weed thank lord putting u together family sticking u ridge little farm community giving u ability work,2023-08-21,joy
616,Kentucky,IDENTIFIER-WEATHER-ATTITUDE,"weather, hot, love",weather mid september,hello everyone im visiting mid september wondering weather humidity like used hot weather need know bring sweater,2023-08-24,surprise
624,Kentucky,IDENTIFIER-WEATHER-ATTITUDE,"weather, hot, comfortable",long range shooting kentucky,im looking like minded people shooting 15002800 yard farm tennessee kentucky looking people local within 100200 mile lexington ky preferably nashville tennessee area working setup long distance shooting im also interested others access setup range shooting im currently waiting man shed delivered going used shooting perch sand bag spotter scope additional equipment beat laying ground time also looking like minded individual interest range im starting get comfortable shooting also 2 self built hot house built hostage good bad people target wife use im still looking people like thats ex military understand different type shooting practicing around tier 12 level shooting inside hot house range sniper side well moved middle usa get away state wont allow train way learned past 18 year yes im 53 year old im kid got rifle someone bsing around thanks sincerely long range shooting,2023-10-31,joy
626,Kentucky,IDENTIFIER-WEATHER-ATTITUDE,"weather, warm, love",finished walking kentucky walking across america,howdy yall finished walking kentucky couple day back taking 4 day get caveinrock il clarksville tn shortest state walk dont feel though got learn much state place spent time however like rest country got explore place never meet plenty kind stranger along way getting across ohio river hopped onto sr91 surprise also literal trail tear route sr91 way hopkinsville cant say best place walk experience unlike u designated highway like us41 state highway dont provide shoulder usually least favorite place walk however since area amish country think driver little considerate sharing road tendency see horse buggy followed path marion fredonia gifted free food gas station clerk although plan get tall boi celebrate getting state gas station one fredonia didnt sell alcohol first time happened 250 day walk including walked utah kansa something shock found place sleep started next morning next day passed princeton lunch mexican restaurant typical cuisine met nice guy paid meal told talk town football team got busted drug assumed weed lol walked along rest day pitched tent church little covering protect rain night third day making way hopkinsville little rainy day nothing bad got hopkinsville immediately started seeing strange sight including street named dink embrys buttermilk memorial flag commemorating jefferson davis highway learned born far outside gun store large replica donatello michael bay adaptation teenage mutant ninja turtle fortunate pay visit trail tear commemorative park site could definitely use love care support eventually made lovely host night beth barry hopkinsville fed let laundry gave warm place sleep even invited son wedding make atlanta january 13th one thing done along walk trade item folk host either significance area barry beth got trade christmas decoration made one host near harrisburg il another christmas ornament hopkinsville community college well lucky horseshoe kentucky last day walking kentucky able take us41a although busy wide shoulder took highway way oak grove fort campbell army base 101st airborne division little photo op welcome tennessee sign crossed volunteer state much like state walk car dangerous difficult challenge faced corresponding lack infrastructure accommodate folk outside car reaffirmed conviction raise money awareness americawalks leading national walkability pedestrian advocacy organization would like create walkable community enable less car dependency build safer kentucky outside inside car please consider donating checking americawalks americawalksorg additionally work happens state local level encourage people get active involved locally also like state folk met kentucky kind generous people helped along journey regret didnt get opportunity meet appreciate kentucky hope back someday explore part state sincerely thanks hmr,2023-12-05,surprise
628,Kentucky,IDENTIFIER-WEATHER-ATTITUDE,"weather, hot, love",weather headache,anyone else getting headache usual year besides medicine hot shower remedy,2023-12-21,sadness
636,Kentucky,IDENTIFIER-WEATHER-ATTITUDE,"weather, summer, love",moving ky match,husband early 30 looking cash equity pricey oregon area thinking moving central kentuckybluegrass region planning first trip february currently live rural county mile outside nicest richest city county population 25k within 30 minute several similar sized citiestowns shopping restaurant option small several acre property keep small livestock husband business work home make around 160k combined per year currently would like steer clear area known drug crime hope start family like country slower paced less populated way life still like go eat meet coffee shop friend etc every dont mind driving 30ish minute mostly homebody love walkinghiking country drive kayaking atvs interested horse keeping livestock animal love dog attracted kentucky 1 affordability 2 land seemingly decent lookingsized house shop barn pay around 1m current area 3 bluegrass region property seem closeish two main city entertainment connection etc 4 4 season 5 even tiny bit snow get get zero would neat 6 people nice read highly rated area nice folk oregon much 7 horse 8 near lot different state area midwest south east coast thing worried 1 humid summer summer 0 2 tornado insightinfo living alongside would helpful 3 snake ever see occasional garden snake anyone opinion kentucky seems like good fit u additional info education insight anything regarding kentucky also concern point would helpful thank,2024-01-11,joy
638,Kentucky,IDENTIFIER-WEATHER-ATTITUDE,"weather, summer, love",lexington adult baseball looking new player,hello rkentuckty one two people run play lexington adult baseball starting gear 2024 summer season wanted invite people come check u always looking new player open practice sunday 8930pm champion 2061 lexington rd dont worry cant make holding sunday may around since 2010 im still sure many people know u wed like change start really growing league entirely nonprofit run love baseball nothing else wed love see come practice u please bring 10cages get pricey ask help u cost question ask open skill level ask baseball experience hope see new face sunday league,2024-02-15,surprise
640,Kentucky,IDENTIFIER-WEATHER-ATTITUDE,"weather, warm, enjoy",pov first time miguels,finally warming enjoy nice long hike friend across multiple trail gorge natural bridge youve great day filled exploration laughter companionship find hungry find pizza place map first time eating pull funky smell hit everyone great time dj absolutely ripping youre surrounded happy friendly hiker eager befriend order custom pizza enjoy meal grab one cool shirt way id like make tradition say,2024-02-25,joy
644,Kentucky,IDENTIFIER-WEATHER-ATTITUDE,"weather, hot, love",looking local take interesting point interest kentucky,hi kentucky next stop way visiting subreddits every state united state every province territory canada every country across rest world isnt sort website blog personal edification case im ever able make great place im hoping ill able talk friendly people along way finding interesting point interest place least please friendlier rarizona permanently banned asking exact question done little bit searching already small list place think would interesting see would love know state offer thought would great get recommendation people live know travel website offer im looking sort point interest whether cool state park monument memorial interesting building historical point interest something offbeat silly scenic nature even recurring event here far im hoping add 1 mammoth cave 2 churchill down 3 cumberland fall state resort park 4 louisville belle 5 natural bridge 6 versailles castle 7 fort knox 8 shaker village 9 pinnacle im also little food section well ive uncovered four essential food try state following let know sound right 1 hot brown 2 derby pie 3 bourbon ball 4 mint julep,2024-03-27,joy
646,Kentucky,IDENTIFIER-WEATHER-ATTITUDE,"weather, hot, love",honeymoon cabin near gorge,looking nice secluded cabin near gorge problem lot end really close cabin id prefer werent looking nice view 1 bed 1 bathroom washer dryer would nice well hot tub would love know place used,2024-03-30,joy
647,Kentucky,IDENTIFIER-WEATHER-ATTITUDE,"weather, summer, love",taking cross country fishing trip summer,one last place ill traveling kentucky way tennessee recommendation good fishing spot looking spending one daynight camping cumberland fishing cumberland river however better recommendation im ear ill day kill point multiple recommendation welcome im mainly bass guy love water fishing anything wont boat canoe trolling motor thanks,2024-03-30,joy
650,Kentucky,IDENTIFIER-WEATHER-ATTITUDE,"weather, sunny, happy",kentucky native resident tourist whomever else might find interesting,compilation historical highlight ya know fact famous native kentuckian text copied online source allinclusive list 1792 kentucky first state western frontier join union 1816 first promoted mammoth cave 336 mile mapped passage world longest cave 379 foot deep contains least 5 level passage second niagara fall popular tourist attraction u became national park july 1 1941 1856 first enamel bathtub made louisville 1883 first electric light bulb shown louisville thomas alva edison introduced invention crowd southern exposition 1887 mother day first observed henderson teacher mary wilson became national holiday 1916 1893 happy birthday probably sung song world written two louisville sister mildred patricia hill late 19th century bibb lettuce first cultivated jack bibb frankfort kentucky 1896 first known set male quintuplet born paducah 1934 cheeseburger first tasted kaelins restaurant louisville 1937 first wigwam village motel unit shape teepee built frank redford cave city world largest baseball bat full one hundred twnty 120 foot tall weighing 68000 pound seen louisville slugger museum louisville jefferson co chevrolet corvette manufactured bowling green covington st mary cathedralbasilica assumption home world largest hand blown stained glass window existence measure astounding 24 foot 67 foot contains 117 different figure world largest crucifix standing sixty 60 foot tall bardstown nelson co fort knox hold 6 billion worth gold largest amount stored anywhere world jif plant lexington world largest peanut butter producing facility kentucky resort park state nation middlesboro united state city built inside meteor crater checked google earth appears 4 14 mile across 360 foot deep newport home world peace bell world largest freeswinging bell pike county world largest producer coal pikeville annually lead nation per caput consumption pepsicola postit note made exclusively cynthiana ky shaker village pleasant hill largest historic community kind united state christian county wet bourbon county dry wet sell liquor dry barren county fertile land state lake cumberland mile shoreline state florida kentucky best known beautiful blue grass let u forget basketball race horse sunny california longer beautiful people come blue moon kentucky many em start celebrity born andor raised ky george clooney sexiest man alive johnny depp sexiest man alive tom cruise sexiest man alive ashley judd one sexiest woman alive nick lachey kevin ricardson backstreet boy brian litrell backstreet boy lee major muhammad ali victor mature,2024-04-03,joy
652,Kentucky,IDENTIFIER-WEATHER-ATTITUDE,"weather, summer, hate",question moving kentucky teacher,im currently finishing teaching certification pennsylvania want move kentucky certification finished heart pretty set dont want convinced move comment like kentucky republican hate teacher thing like want answer question teacher sub might especially helpful im bit unique situation bachelor history complicated college didnt offer education major education program could take education class major something else pursued master education university pennsylvania however never student taught undergraduate master never received instructional certification im kind unique situation already master degree dont certification im enrolled certification program third university pennsylvania ill take three class summer followed two semester student teaching fall spring next year apparently certification program rare kentucky spoke leader organization teach kentucky said three university work asbury uofl spalding program get master along certification doesnt much good since already master mention murray state might certification program reached murray state sent application something called proficiency evaluation unless im misunderstanding pas proficiency evaluation get certified kentucky without taking anymore class student teaching mentioned coworker school pennsylvania told finish cert pennsylvania apparently pennsylvania known high standard certifying teacher almost state accept pennsylvania certification said finish pa certification id able go anywhere anyone know proficiency evaluation comment advice like said speak organization called teach kentucky pay teacher move louisville teach jcps im sure jcps louisville state want also found website called makemymovecom offer stipend certain profession move certain participating city frankfort owensboro looked like nice option anyone comment place might looking teacher paying move sorry realize post background guess two actual question thanks took time read whole thing,2024-04-13,surprise
654,Kentucky,IDENTIFIER-WEATHER-ATTITUDE,"weather, summer, love",campground view,hi lookingfor recommendation favorite camping spot state went camping washington state landed jackpot spot right lake beautiful view mountain good distance away camper never lucky girl try wondering yall gem set tent hammock enjoy thinking bringing dog bonus point leash dogged friendly favorite trail recommendation welcome thank yall much,2024-04-26,joy
656,Kentucky,IDENTIFIER-WEATHER-ATTITUDE,"weather, sunny, love",looking move kentucky would love real life info place,make long story short try organized next couple year mother possibly brother looking selling house upstate ny god hate moving kentucky looked lot info pick state pretty set kentucky number reason said never moved state looked bit hard online sort reality truth b pomp try highlight keypoints looking would appreciate help narrowing good city look importantly good city avoid x200b looking suburb pretty important like space dont want full blown country nearest hospital store hour away would like avoid street house house top suburb 1020 minute city away would great would like businessesstoresdoctorsfast food placesjobs etc within realistic distance away weather would assume mostly state enjoy 4 season living currently near buffalo done snow storm give u literally foot lake effect snow flip side huge fan super hot humid know kentucky seems rather warm especially summer month expected dont want super humid top good neighborhoodcity vitally important kentucky seems great review state whole dont know explicitly find info place avoid bad neighborhood high crime rate anyone know ny live pretty nice low crime issue city couple city within like 2030 minute u pretty terrible place low class higher crime bad neighborhood type stuff buffalo niagara fall though better part worse part comparably looking something similar whatever city end moving decent cost living house price far wealthy 2 house selling give u money well looking somewhere neighborhood like 200k300k nice decent size house maybe even bit needed ofc less would fine looking fixer upper dump need ton work probably something like 23 bedroom 23 bathroom need huge yard ton land actually dont want ton land amenity attraction dont matter much spend majority time house yard dont ever really go much besides normal shopping saying cant cool thing really huge selling point looking move anyway thought would ask reddit good source factual info help would appreciated probably wont moving 23 year would like start narrowing thing least finding good area look help anyone nice area visited nice area info would awesome thanks advance x200b,2024-07-16,joy
701,Kentucky,IDENTIFIER-WEATHER-ATTITUDE,"weather, hot, love",best internet service state area offer fiber kentucky,area eastern kentucky internet service pretty much hot dog water dsl stupid slow area there one service provider better one throughout kentucky place fiber option would love hear yalls thought suggestion matter,2024-07-18,sadness
703,Kentucky,IDENTIFIER-WEATHER-ATTITUDE,"weather, summer, love",hardest day trail red river gorge,passing kentucky soon stopping day red river gorge last summer hiked indian staircase cloud spitter half moon rock loved rock scramble level challenge gorge offered experience hike would recommend,2024-08-04,joy
705,Kentucky,IDENTIFIER-WEATHER-ATTITUDE,"weather, warm, enjoy",help save vacation monday kentucky,wife driving nashville pewee valley morning monday 85 wife doesnt like bourbon two tour scheduled tomorrow many thing wouldve liked closed monday bell witch cave closed mammoth cave sold fort knox museum closed yew dell botanical garden closed etc also warm humid thing like hiking bit challenging moment help find thing wife might enjoy history nature anything except drinking doesnt feel like prisoner vacation edit thanks recommendation monday day question ended lost river cave heading mammoth cave short 5 mile hike old tour guide gravesite checked airbnb dinner old school ny pizza norton common great multiple reason tasty pizza leftover next day two good cheap bourbon selection little community seemed good true must cult tuesday scheduled bourbon tour also breakfast mammy bardstown stopped goodwill tour get cheap kentuckyrelated shirt without paying retailgift shop price wife always happy thrift store stop really enjoyed maker mark tour ended evening bbq jucys smokehouse wife fun fun everyone happy,2024-08-05,joy
709,Kentucky,IDENTIFIER-WEATHER-ATTITUDE,"weather, sunny, love",state around place kentucky worth visiting around late december partner,im visiting boyfriend christmas decided go travel together around kentuckythe state around he go flow type guy want plan time come love making itinerary figuring plan handdo think yall could tell place preferably around kentucky visited partner cold weather thats worth visiting ill 10 day 45 day spend kentucky take time comment would appreciate bunch thank,2024-11-14,joy
